{
  "train_loss": [
    0.767566684895408,
    0.6207142517428349,
    0.5409241411873098,
    0.4916487943597214,
    0.4588962324243357,
    0.4334279686110825,
    0.42102191895755076,
    0.40804582140551493,
    0.3985254966968562,
    0.3988981046367424,
    0.44941585454517663,
    0.42065672825627765,
    0.4108390879712414,
    0.4020291837815945,
    0.39920589634989717,
    0.3940655767714204,
    0.39533414035120107,
    0.39461410381281337,
    0.392810838478824,
    0.3894263571032892,
    0.3859256587744573,
    0.3865509073075174,
    0.3865035661251472,
    0.38793314398352197,
    0.3867532089708608,
    0.3869104853262267,
    0.3871007799695376,
    0.3862169752348812,
    0.3869562611238135,
    0.38429911331918865,
    0.38825119379844275,
    0.3877408235146324,
    0.3847822591916693,
    0.3860211467580177,
    0.3880635083331997,
    0.3844738554222185,
    0.38810424023520823,
    0.3853325676083972,
    0.3881252990240937,
    0.38543917192940824,
    0.38819430045300374,
    0.38697456609673875,
    0.38753619478831114,
    0.3862629837143543,
    0.38628269612992583,
    0.3878872294474787,
    0.388524162016631,
    0.3849381249105564,
    0.38663744743366696,
    0.3876628117349774,
    0.3854259448653602,
    0.38753995130493374,
    0.38598768839250247,
    0.3847548252893389,
    0.3876867826074464,
    0.3876099234148097,
    0.3877242135513358,
    0.38508214185669154,
    0.38660450608250224,
    0.38549785882539717,
    0.3849607361359808,
    0.3859923424574295,
    0.38664070603790546,
    0.38547218476546097,
    0.3859524693200206
  ],
  "val_loss": [
    0.6648852297517119,
    0.7132338024879414,
    0.6785649432510626,
    0.6506546217887128,
    0.663204158915848,
    0.7281160162446277,
    0.6888130981414045,
    0.7331306048429729,
    0.7244069556720921,
    0.7054698411884204,
    0.677496364859284,
    0.6995565855437941,
    0.6826393605907106,
    0.6752926848950933,
    0.6882518599919283,
    0.689023376651149,
    0.6723902590287839,
    0.699087538517238,
    0.7016090223046599,
    0.7027733865005722,
    0.7034635582908255,
    0.7211033522757024,
    0.7192920783504111,
    0.7078148598879412,
    0.7073717270392538,
    0.7194737003800648,
    0.7131611289548092,
    0.7107650465001174,
    0.7018672201802821,
    0.7109830623767415,
    0.6889280246906593,
    0.7073085752666973,
    0.7088085724030687,
    0.7080384048282123,
    0.7074641924086815,
    0.7015223304430643,
    0.7152780201591429,
    0.69740202257542,
    0.706908463128929,
    0.7149919618348606,
    0.7058949944425802,
    0.7139166464896801,
    0.7111322619224507,
    0.7018602493682194,
    0.704167732775537,
    0.7057040439603107,
    0.7100259664931584,
    0.7143592093485952,
    0.7120912881171118,
    0.7139899756739049,
    0.7105147802764601,
    0.7022273752207313,
    0.7068200270986297,
    0.7067838607590056,
    0.7120590651295876,
    0.6995208971813077,
    0.7129661230767359,
    0.712861231930269,
    0.711892114962385,
    0.7181796784935102,
    0.691684184504337,
    0.6979300773860327,
    0.7057591929136078,
    0.7160944427297415,
    0.7047257263803742
  ],
  "train_acc": [
    0.7781569965870307,
    0.8880546075085324,
    0.9249146757679181,
    0.9498293515358361,
    0.9689419795221843,
    0.9795221843003413,
    0.9832764505119453,
    0.989419795221843,
    0.990443686006826,
    0.9907849829351536,
    0.9733788395904437,
    0.9843003412969283,
    0.9877133105802047,
    0.9901023890784983,
    0.9914675767918089,
    0.99419795221843,
    0.9914675767918089,
    0.9928327645051195,
    0.9921501706484641,
    0.9935153583617747,
    0.9948805460750854,
    0.9945392491467577,
    0.9948805460750854,
    0.9935153583617747,
    0.99419795221843,
    0.995221843003413,
    0.9938566552901024,
    0.9948805460750854,
    0.9935153583617747,
    0.9948805460750854,
    0.9921501706484641,
    0.99419795221843,
    0.995221843003413,
    0.9945392491467577,
    0.9928327645051195,
    0.9948805460750854,
    0.99419795221843,
    0.9945392491467577,
    0.99419795221843,
    0.9945392491467577,
    0.9938566552901024,
    0.9938566552901024,
    0.9938566552901024,
    0.99419795221843,
    0.9938566552901024,
    0.9935153583617747,
    0.99419795221843,
    0.9948805460750854,
    0.9945392491467577,
    0.9931740614334471,
    0.995221843003413,
    0.9935153583617747,
    0.9945392491467577,
    0.9931740614334471,
    0.9938566552901024,
    0.9938566552901024,
    0.995221843003413,
    0.995221843003413,
    0.99419795221843,
    0.995221843003413,
    0.9955631399317406,
    0.9938566552901024,
    0.99419795221843,
    0.9948805460750854,
    0.9948805460750854
  ],
  "val_acc": [
    0.8647540983606558,
    0.8920765027322405,
    0.9002732240437158,
    0.9153005464480874,
    0.9166666666666666,
    0.8961748633879781,
    0.9043715846994536,
    0.8715846994535519,
    0.9002732240437158,
    0.9043715846994536,
    0.9153005464480874,
    0.907103825136612,
    0.9084699453551912,
    0.9153005464480874,
    0.9112021857923497,
    0.9166666666666666,
    0.9180327868852459,
    0.9153005464480874,
    0.9057377049180327,
    0.907103825136612,
    0.9139344262295082,
    0.9084699453551912,
    0.9030054644808743,
    0.9112021857923497,
    0.9098360655737705,
    0.9112021857923497,
    0.9084699453551912,
    0.9112021857923497,
    0.9153005464480874,
    0.907103825136612,
    0.9180327868852459,
    0.9084699453551912,
    0.9084699453551912,
    0.907103825136612,
    0.9057377049180327,
    0.912568306010929,
    0.9084699453551912,
    0.9166666666666666,
    0.912568306010929,
    0.9030054644808743,
    0.912568306010929,
    0.9098360655737705,
    0.9057377049180327,
    0.9180327868852459,
    0.9112021857923497,
    0.9084699453551912,
    0.9139344262295082,
    0.9084699453551912,
    0.907103825136612,
    0.9057377049180327,
    0.9139344262295082,
    0.9139344262295082,
    0.9084699453551912,
    0.9139344262295082,
    0.907103825136612,
    0.9153005464480874,
    0.9084699453551912,
    0.9084699453551912,
    0.9057377049180327,
    0.907103825136612,
    0.9207650273224044,
    0.912568306010929,
    0.9139344262295082,
    0.907103825136612,
    0.9207650273224044
  ],
  "val_ece": [
    0.11932349294586908,
    0.08270512700406579,
    0.08808834402939007,
    0.10022705390316543,
    0.09196506794847426,
    0.09650036619334922,
    0.08378887852358685,
    0.11248885827963469,
    0.09196926058967253,
    0.09264442853914583,
    0.08505177579290882,
    0.10424214853940762,
    0.10293389734674672,
    0.08921121207417033,
    0.08526282330028348,
    0.09034687903572303,
    0.09115294823066784,
    0.1018734694015784,
    0.08801505409303256,
    0.10289858387467642,
    0.08551393131740757,
    0.08695420630968331,
    0.10101038022119489,
    0.08387434409290064,
    0.09326973410903427,
    0.08243986850227816,
    0.10164325798306963,
    0.08897911248311319,
    0.0833604264943326,
    0.09003950753172894,
    0.08675030912043617,
    0.10298226708597175,
    0.08298788415115385,
    0.08681006990169568,
    0.1034369581058377,
    0.08284393221628474,
    0.09513481335887489,
    0.08704008789010387,
    0.09620286931431356,
    0.10483036055916647,
    0.0846405299227746,
    0.08920765354659388,
    0.10273421128265194,
    0.09139389679080148,
    0.082089140929811,
    0.07827812832235637,
    0.08796779469388431,
    0.10036842716359054,
    0.09872451913161355,
    0.10118007334203664,
    0.08643488072958146,
    0.08553229484076058,
    0.09068631507008457,
    0.08837726044524562,
    0.09263311790638279,
    0.08198677215094122,
    0.10168329744391107,
    0.10134469005253798,
    0.08930807279758766,
    0.09766839428351876,
    0.07850790610078906,
    0.0896937916350495,
    0.09071404995814047,
    0.09131757003036356,
    0.0827790663216283
  ],